{
  "confusion_matrix": [
    [
      2,
      4,
      18
    ],
    [
      1,
      32,
      19
    ],
    [
      5,
      15,
      193
    ]
  ],
  "labels": [
    "negative",
    "neutral",
    "positive"
  ],
  "classification_report": {
    "negative": {
      "precision": 0.25,
      "recall": 0.08333333333333333,
      "f1-score": 0.125,
      "support": 24.0
    },
    "neutral": {
      "precision": 0.6274509803921569,
      "recall": 0.6153846153846154,
      "f1-score": 0.6213592233009709,
      "support": 52.0
    },
    "positive": {
      "precision": 0.8391304347826087,
      "recall": 0.9061032863849765,
      "f1-score": 0.871331828442438,
      "support": 213.0
    },
    "accuracy": 0.7854671280276817,
    "macro avg": {
      "precision": 0.5721938050582552,
      "recall": 0.5349404117009752,
      "f1-score": 0.5392303505811363,
      "support": 289.0
    },
    "weighted avg": {
      "precision": 0.7521184553255634,
      "recall": 0.7854671280276817,
      "f1-score": 0.7643749448785113,
      "support": 289.0
    }
  }
}