{
  "confusion_matrix": [
    [
      7,
      5,
      15
    ],
    [
      1,
      35,
      20
    ],
    [
      8,
      17,
      213
    ]
  ],
  "labels": [
    "negative",
    "neutral",
    "positive"
  ],
  "classification_report": {
    "negative": {
      "precision": 0.4375,
      "recall": 0.25925925925925924,
      "f1-score": 0.3255813953488372,
      "support": 27.0
    },
    "neutral": {
      "precision": 0.6140350877192983,
      "recall": 0.625,
      "f1-score": 0.6194690265486725,
      "support": 56.0
    },
    "positive": {
      "precision": 0.8588709677419355,
      "recall": 0.8949579831932774,
      "f1-score": 0.8765432098765432,
      "support": 238.0
    },
    "accuracy": 0.794392523364486,
    "macro avg": {
      "precision": 0.636802018487078,
      "recall": 0.5930724141508456,
      "f1-score": 0.6071978772580177,
      "support": 321.0
    },
    "weighted avg": {
      "precision": 0.7807157483952067,
      "recall": 0.794392523364486,
      "f1-score": 0.7853527947406902,
      "support": 321.0
    }
  }
}