{
  "confusion_matrix": [
    [
      25,
      2,
      9
    ],
    [
      3,
      56,
      21
    ],
    [
      9,
      11,
      452
    ]
  ],
  "labels": [
    "negative",
    "neutral",
    "positive"
  ],
  "classification_report": {
    "negative": {
      "precision": 0.6756756756756757,
      "recall": 0.6944444444444444,
      "f1-score": 0.684931506849315,
      "support": 36.0
    },
    "neutral": {
      "precision": 0.8115942028985508,
      "recall": 0.7,
      "f1-score": 0.7516778523489933,
      "support": 80.0
    },
    "positive": {
      "precision": 0.9377593360995851,
      "recall": 0.9576271186440678,
      "f1-score": 0.9475890985324948,
      "support": 472.0
    },
    "accuracy": 0.9064625850340136,
    "macro avg": {
      "precision": 0.8083430715579372,
      "recall": 0.7840238543628374,
      "f1-score": 0.7947328192436011,
      "support": 588.0
    },
    "weighted avg": {
      "precision": 0.9045480734612458,
      "recall": 0.9064625850340136,
      "f1-score": 0.9048534301731842,
      "support": 588.0
    }
  }
}